Title,Author,Views,Date,Link
Deep Focus Music To Improve Concentration - 12 Hours of Ambient Study Music to Concentrate #575,4K Video Nature - Focus Music,6.5M ,5 months ago,https://www.youtube.com/watch?v=2x4K59qtxbY&pp=ygUFbXVzaWM%3D
"Coldplay | Top Songs 2023 Playlist | Yellow, My Universe, Viva La Vida...",TOPSIFY,2.2M ,1 month ago,https://www.youtube.com/watch?v=RF0dt08yzfg&pp=ygUFbXVzaWM%3D
Indie/Rock/Alternative Compilation - September 2023 (2-Hour Playlist),alexrainbirdMusic,15M ,3 days ago,https://www.youtube.com/watch?v=pYInI8uoe-s&pp=ygUFbXVzaWM%3D
Best songs that make you dance ~ Childhood songs to sing and dance,A.C Vibes,4.1M ,2 months ago,https://www.youtube.com/watch?v=9xu6BMHR5dY&pp=ygUFbXVzaWM%3D
The Best Disco Music of 70s 80s 90s - Nonstop Disco Dance Songs 70 80 90s Music Hits 16,Disco Music,38M ,3 months ago,https://www.youtube.com/watch?v=FqXe3QQbozw&pp=ygUFbXVzaWM%3D
Rema - Charm (Official Music Video),Love Life Lyrics,3M ,1 year ago,https://www.youtube.com/watch?v=dNt1QR1ecuM&pp=ygUFbXVzaWM%3D
Top 50 Phonk Songs - Best of Phonk,Music Hits,284K ,Streamed 2 months ago,https://www.youtube.com/watch?v=8WtRKHwVROs&pp=ygUFbXVzaWM%3D
"Barcelona, Spain Cafe Ambience - Spanish Music | Bossa Nova Instrumental Music for Good Mood",Kurumi,1M ,Streamed 3 months ago,https://www.youtube.com/watch?v=_7SUxuxzT0w&pp=ygUFbXVzaWM%3D
Old Vs New Bollywood Mashup 2023 | Superhits Romantic Hindi Songs Mashup Live - DJ MaShUP 2023,A.C Vibes,2.3M ,4 months ago,https://www.youtube.com/watch?v=LQjuqhBKeKI&pp=ygUFbXVzaWM%3D
Beautiful Romantic Piano Love Songs Of All Time - Best Relaxing Piano Instrumental Love Songs Ever,Pop Songs,1.1M ,1 month ago,https://www.youtube.com/watch?v=4QbPKGBYZcw&pp=ygUFbXVzaWM%3D
LEO - Naa Ready Lyric Video | Thalapathy Vijay | Lokesh Kanagaraj | Anirudh Ravichander,Little love soul,5M ,1 month ago,https://www.youtube.com/watch?v=szvt1vD0Uug&pp=ygUFbXVzaWM%3D
Non Stop Love Song I Music Travel Love | New Love Songs,Little love soul,54M ,2 months ago,https://www.youtube.com/watch?v=HiMYFcpSbm0&pp=ygUFbXVzaWM%3D
Benson Boone - In The Stars (Official Music Video),New Hindi PartyMix,125M ,2 months ago,https://www.youtube.com/watch?v=HPR-VwzbDRg&pp=ygUFbXVzaWM%3D
450 - Cold Streets (Official Music Video),Pop Hits,3.4M ,1 month ago,https://www.youtube.com/watch?v=DjRS6hIKut8&pp=ygUFbXVzaWM%3D
